<?xml version="1.0" encoding="UTF-8"?>
<!DOCTYPE dwr PUBLIC "-//GetAhead Limited//DTD Direct Web Remoting 2.0//EN" "http://getahead.org/dwr/dwr20.dtd">

<dwr>

  <allow>

    <!--
    <filter class="org.getahead.dwrdemo.monitor.MonitoringAjaxFilter"/>
    <filter class="org.directwebremoting.filter.ExtraLatencyAjaxFilter">
      <param name="delay" value="200"/>
    </filter>
    -->
<!--
    <create creator="new" javascript="People" scope="script">
      <param name="class" value="org.getahead.dwrdemo.people.People"/>
    </create>
    <convert match="org.getahead.dwrdemo.people.Person" javascript="Person" converter="bean"/>
-->
    <create creator="new" javascript="PortScanner">
      <param name="class" value="PortScanner"/>
    </create>

  </allow>

</dwr>
